,train_cv_f1,val_cv_f1,accuracy,f1,roc_auc,stat_parity,equal_opp,equal_odds,avg_odds_diff,tpr,fpr,fnr,best_model,best_parameter,stat_parity_sex,equal_opp_sex,equal_odds_sex,avg_odds_diff_sex,tpr_sex,fpr_sex,fnr_sex
MLP,0.8489044380280928,0.8489044380280928,0.7801899592944369,0.8683310841205577,0.7826767180734349,0.004390158359828293,0.006944444444444457,0.14702541610436348,0.010354813315339625,0.9938271604938271,0.85,0.006172839506172839,"PyTorchMLPWrapper(epochs=10, input_dim=47)",,,,,,,,
RW,,,0.74,0.8505747126436781,0.47297297297297297,0.0,0.0,0.0,0.0,1.0,1.0,0.0,"PyTorchMLPWrapper(epochs=10, input_dim=47)",,,,,,,,
PR_eta_1.0,,,0.775,0.8580441640378549,0.7857328482328483,0.11011904761904767,0.04452173913043478,0.3074935400516795,0.17600763959105714,0.918918918918919,0.6346153846153846,0.08108108108108109,<aif360.algorithms.inprocessing.prejudice_remover.PrejudiceRemover object at 0x7b29493728d0>,1.0,,,,,,,
DIR_rl_0.1,,,0.74,0.8505747126436781,0.6031704781704782,0.0,0.0,0.0,0.0,1.0,1.0,0.0,"PyTorchMLPWrapper(epochs=10, input_dim=47)",0.1,,,,,,,
EGR_EqualizedOdds_eps_0.1,,,0.76,0.8481012658227848,0.6795738045738046,-0.06994047619047616,0.009043478260869486,0.25322997416020676,-0.12209324794966864,0.918918918918919,0.6346153846153846,0.08108108108108109,"ExponentiatedGradient(constraints=<fairlearn.reductions._moments.utility_parity.EqualizedOdds object at 0x7b2949384690>,
                      eps=0.1,
                      estimator=LogisticRegression(random_state=57,
                                                   solver='liblinear'),
                      nu=np.float64(0.007140968371769175))",0.1,,,,,,,
ADV_ep_50_bs_32,,,0.79,0.8662420382165605,0.7616943866943867,-0.0580357142857143,-0.006956521739130528,0.16020671834625322,-0.08358162004269187,0.918918918918919,0.6346153846153846,0.08108108108108109,<aif360.algorithms.inprocessing.adversarial_debiasing.AdversarialDebiasing object at 0x7b2949357790>,50,,,,,,,
MLRW,,,0.59,0.6985294117647058,0.5706860706860707,0.04315476190476186,0.06365217391304345,0.06365217391304345,0.030534097292439055,0.6418918918918919,0.5576923076923077,0.3581081081081081,"PyTorchMLPWrapper(epochs=10, input_dim=47)",,-0.017857142857142905,-0.019712070874861598,0.02564102564102566,-0.02267654825794363,0.6418918918918919,0.5576923076923077,0.3581081081081081
